{
  "train_loss": [
    0.7657048925568147,
    0.629564246706898,
    0.5983894578387029,
    0.5815965320526998,
    0.5711639759325557,
    0.5638760514147296,
    0.5586307571915425,
    0.5545509733530952,
    0.5513832998366602,
    0.5488419497573305,
    0.5465938111390227,
    0.5449661838236146,
    0.543416355824087,
    0.542274837898663,
    0.5409360628426833,
    0.5398609221713407,
    0.5392194693745647,
    0.5384650330148341,
    0.5376182541087157,
    0.5370436224212695,
    0.5362284653753068,
    0.5360702173776489,
    0.5356179435787112,
    0.5348644721164832,
    0.5345091143911618,
    0.5343181202968836,
    0.5338188756027028,
    0.5335756725837476,
    0.5331748726885769,
    0.5330555066213983
  ],
  "val_loss": [
    0.6460287788785605,
    0.6006402773071963,
    0.5793774960988975,
    0.5679248095037468,
    0.5590662759949404,
    0.5539178944017035,
    0.5500573783993242,
    0.5463531970020279,
    0.5449663154092659,
    0.5424170158953073,
    0.5399932638708368,
    0.5396265571854679,
    0.5377752721070286,
    0.5388888520409304,
    0.5352873045756635,
    0.5348889246044388,
    0.5336780562458268,
    0.5331919626538534,
    0.5327179616234867,
    0.5332557111380091,
    0.5314849169857531,
    0.5309987982592909,
    0.5310495538883898,
    0.5309692693043904,
    0.5299968987583635,
    0.5329446074474289,
    0.5309393946904255,
    0.529299577555982,
    0.5299815849128019,
    0.5300774756205608
  ]
}